{
    "openapi": "3.0.0",
    "info": {
        "title": "API documentation For Training Restful API",
        "description": "API documentation Inixindo",
        "version": "1.0.0"
    },
    "paths": {
        "/api/users/login": {
            "post": {
                "tags": [
                    "Users"
                ],
                "summary": "User Login",
                "description": "User Login here",
                "operationId": "Login",
                "requestBody": {
                    "required": true,
                    "content": {
                        "multipart/form-data": {
                            "schema": {
                                "required": [
                                    "email",
                                    "password"
                                ],
                                "properties": {
                                    "email": {
                                        "type": "string",
                                        "example": "isan@gmail.com"
                                    },
                                    "password": {
                                        "type": "string",
                                        "example": "123456"
                                    }
                                },
                                "type": "object"
                            }
                        },
                        "application/json": {
                            "schema": {
                                "required": [
                                    "email",
                                    "password"
                                ],
                                "properties": {
                                    "email": {
                                        "type": "string",
                                        "example": "isan@gmail.com"
                                    },
                                    "password": {
                                        "type": "string",
                                        "example": "123456"
                                    }
                                },
                                "type": "object"
                            }
                        }
                    }
                },
                "responses": {
                    "201": {
                        "description": "Login Successfully",
                        "content": {
                            "application/json": {
                                "schema": {}
                            }
                        }
                    },
                    "200": {
                        "description": "Login Successfully",
                        "content": {
                            "application/json": {
                                "schema": {}
                            }
                        }
                    },
                    "422": {
                        "description": "Unprocessable Entity",
                        "content": {
                            "application/json": {
                                "schema": {}
                            }
                        }
                    },
                    "400": {
                        "description": "Bad request"
                    },
                    "404": {
                        "description": "Resource Not Found"
                    }
                }
            }
        },
        "/api/user": {
            "get": {
                "tags": [
                    "Users"
                ],
                "summary": "User detail",
                "description": "Use Bearer Token",
                "operationId": "User",
                "responses": {
                    "200": {
                        "description": "Successful operation",
                        "content": {
                            "application/json": {
                                "schema": {}
                            }
                        }
                    },
                    "401": {
                        "description": "Unauthorized"
                    }
                },
                "security": [
                    {
                        "bearerAuth": []
                    }
                ]
            }
        },
        "/api/products": {
            "get": {
                "tags": [
                    "Product"
                ],
                "summary": "Get all products",
                "description": "Get all products",
                "operationId": "index",
                "responses": {
                    "200": {
                        "description": "Success",
                        "content": {
                            "application/json": {
                                "schema": {
                                    "properties": {
                                        "status": {
                                            "type": "integer",
                                            "example": 200
                                        },
                                        "message": {
                                            "type": "string",
                                            "example": "Get All products"
                                        },
                                        "data": {
                                            "type": "array",
                                            "items": {
                                                "properties": {
                                                    "id": {
                                                        "type": "integer",
                                                        "example": 1
                                                    },
                                                    "name": {
                                                        "type": "string",
                                                        "example": "Product 1"
                                                    },
                                                    "price": {
                                                        "type": "integer",
                                                        "example": 10000
                                                    },
                                                    "description": {
                                                        "type": "string",
                                                        "example": "Description product 1"
                                                    },
                                                    "image": {
                                                        "type": "string",
                                                        "example": "image.jpg"
                                                    }
                                                },
                                                "type": "object"
                                            }
                                        }
                                    },
                                    "type": "object"
                                }
                            }
                        }
                    }
                }
            },
            "post": {
                "tags": [
                    "Product"
                ],
                "summary": "Create new product",
                "description": "Create new product",
                "operationId": "store",
                "requestBody": {
                    "required": true,
                    "content": {
                        "multipart/form-data": {
                            "schema": {
                                "required": [
                                    "name",
                                    "price",
                                    "description",
                                    "image"
                                ],
                                "properties": {
                                    "name": {
                                        "type": "string",
                                        "example": "Product 1"
                                    },
                                    "price": {
                                        "type": "integer",
                                        "example": "10000"
                                    },
                                    "description": {
                                        "type": "string",
                                        "example": "Description product 1"
                                    },
                                    "image": {
                                        "type": "string",
                                        "format": "binary"
                                    }
                                },
                                "type": "object"
                            }
                        }
                    }
                },
                "responses": {
                    "201": {
                        "description": "Product created successfully",
                        "content": {
                            "application/json": {
                                "schema": {}
                            }
                        }
                    },
                    "400": {
                        "description": "Bad request"
                    },
                    "404": {
                        "description": "Resource Not Found"
                    }
                }
            }
        },
        "/api/products/{id}": {
            "get": {
                "tags": [
                    "Product"
                ],
                "summary": "Get product by id",
                "description": "Get product by id",
                "operationId": "show",
                "parameters": [
                    {
                        "name": "id",
                        "in": "path",
                        "description": "Product id",
                        "required": true,
                        "schema": {
                            "type": "integer"
                        }
                    }
                ],
                "responses": {
                    "200": {
                        "description": "Success",
                        "content": {
                            "application/json": {
                                "schema": {}
                            }
                        }
                    },
                    "404": {
                        "description": "Resource Not Found"
                    }
                }
            },
            "put": {
                "tags": [
                    "Product"
                ],
                "summary": "Update product by id",
                "description": "Update product by id",
                "operationId": "update",
                "parameters": [
                    {
                        "name": "id",
                        "in": "path",
                        "description": "Product id",
                        "required": true,
                        "schema": {
                            "type": "integer"
                        }
                    }
                ],
                "requestBody": {
                    "content": {
                        "application/json": {
                            "schema": {
                                "required": [
                                    "name",
                                    "price",
                                    "description",
                                    "image"
                                ],
                                "properties": {
                                    "name": {
                                        "type": "string",
                                        "example": "Product 1"
                                    },
                                    "price": {
                                        "type": "integer",
                                        "example": "10000"
                                    },
                                    "description": {
                                        "type": "string",
                                        "example": "Description product 1"
                                    },
                                    "image": {
                                        "type": "string",
                                        "example": "image.jpg"
                                    }
                                },
                                "type": "object"
                            }
                        }
                    }
                },
                "responses": {
                    "200": {
                        "description": "Product updated successfully",
                        "content": {
                            "application/json": {
                                "schema": {}
                            }
                        }
                    },
                    "404": {
                        "description": "Resource Not Found"
                    }
                }
            },
            "delete": {
                "tags": [
                    "Product"
                ],
                "summary": "Delete product by id",
                "description": "Delete product by id",
                "operationId": "destroy",
                "parameters": [
                    {
                        "name": "id",
                        "in": "path",
                        "description": "Product id",
                        "required": true,
                        "schema": {
                            "type": "integer"
                        }
                    }
                ],
                "responses": {
                    "200": {
                        "description": "Product deleted successfully",
                        "content": {
                            "application/json": {
                                "schema": {}
                            }
                        }
                    },
                    "404": {
                        "description": "Resource Not Found"
                    }
                }
            }
        }
    },
    "components": {
        "securitySchemes": {
            "bearerAuth": {
                "type": "http",
                "bearerFormat": "JWT",
                "scheme": "bearer"
            }
        }
    },
    "tags": [
        {
            "name": "Users",
            "description": "Users"
        },
        {
            "name": "Product",
            "description": "Product"
        }
    ]
}